time;currentTime
1.009000;-0.10
1.242533;0.23
1.476067;1.75
1.709600;2.11
1.943133;3.87
2.176667;4.19
2.410200;5.39
2.643733;6.43
2.877267;7.76
3.110800;8.38
3.344333;9.52
3.577867;10.88
3.811400;11.26
4.044933;12.41
4.278467;13.30
4.512000;14.90
4.745533;15.98
4.979067;16.62
5.212600;17.61
5.446133;18.86
5.679667;19.65
5.913200;20.38
6.146733;21.55
6.380267;22.82
6.613800;23.09
6.847333;24.58
7.080867;25.77
7.314400;26.85
7.547933;27.89
7.781467;28.32
