time;A;B
0.00000;0;
0.00000;;0
1.01033;;4
2.01108;2;
2.01140;;3
6.01331;1;
6.01390;;1
