time;currentTime
1.011000;-0.95
1.244567;0.63
1.478133;1.01
1.711700;2.38
1.945267;3.32
2.178833;4.52
2.412400;5.82
2.645967;6.77
2.879533;7.20
3.113100;9.00
3.346667;9.23
3.580233;10.41
3.813800;12.00
4.047367;12.28
4.280933;13.93
4.514500;14.66
4.748067;15.10
4.981633;16.50
5.215200;17.39
5.448767;18.33
5.682333;19.41
5.915900;20.92
6.149467;21.45
6.383033;22.64
6.616600;23.77
6.850167;24.40
7.083733;25.61
7.317300;26.10
7.550867;27.89
7.784433;28.56
