time;A;B
0.00000;0;
0.00000;;0
1.01172;;4
2.01335;2;
2.01375;;3
6.01529;4.43;
6.01558;;1
