time;currentTime
1.010000;-0.50
1.243567;0.26
1.477133;1.98
1.710700;2.08
1.944267;3.78
2.177833;4.46
2.411400;5.68
2.644967;6.67
2.878533;7.20
3.112100;8.35
3.345667;9.01
3.579233;10.89
3.812800;11.06
4.046367;12.93
4.279933;13.98
4.513500;14.10
4.747067;15.58
4.980633;16.09
5.214200;17.04
5.447767;18.06
5.681333;19.54
5.914900;20.91
6.148467;21.31
6.382033;22.59
6.615600;23.44
6.849167;24.01
7.082733;25.76
7.316300;26.33
7.549867;27.57
7.783433;28.79
