time;A;B
0.00000;0;
0.00000;;0
1.01121;;4
2.01282;2;
2.01334;;3
6.01410;1;
6.01436;;1
