time;currentTime
1.010000;-0.47
1.243533;0.47
1.477067;1.97
1.710600;2.59
1.944133;3.14
2.177667;4.61
2.411200;5.60
2.644733;6.85
2.878267;7.42
3.111800;8.14
3.345333;9.09
3.578867;10.85
3.812400;11.89
4.045933;12.22
4.279467;13.17
4.513000;14.66
4.746533;15.01
4.980067;16.63
5.213600;17.86
5.447133;18.31
5.680667;19.86
5.914200;20.14
6.147733;21.39
6.381267;22.47
6.614800;23.72
6.848333;24.77
7.081867;25.25
7.315400;26.03
7.548933;27.01
7.782467;28.42
