time;A;B
0.00000;0;
0.00000;;0
1.01127;;4
2.01251;2;
2.01277;;3
6.01323;1;
