time;currentTime
1.010000;-0.58
1.243533;0.53
1.477067;1.99
1.710600;2.53
1.944133;3.62
2.177667;4.06
2.411200;5.20
2.644733;6.95
2.878267;7.88
3.111800;8.81
3.345333;9.92
3.578867;10.04
3.812400;11.55
4.045933;12.09
4.279467;13.50
4.513000;14.16
4.746533;15.41
4.980067;16.46
5.213600;17.95
5.447133;18.69
5.680667;19.80
5.914200;20.43
6.147733;21.19
6.381267;22.66
6.614800;23.95
6.848333;24.89
7.081867;25.76
7.315400;26.86
7.548933;27.59
7.782467;28.16
