time;A;B
0.00000;0;
0.00000;;0
1.01132;;4
2.01228;2;
2.01273;;3
6.01304;4.43;
6.01343;;1
