time;currentTime
1.009000;-0.65
1.242633;0.40
1.476267;1.70
1.709900;2.56
1.943533;3.65
2.177167;4.33
2.410800;5.87
2.644433;6.94
2.878067;7.41
3.111700;8.23
3.345333;9.10
3.578967;10.81
3.812600;11.19
4.046233;12.21
4.279867;13.31
4.513500;14.25
4.747133;15.98
4.980767;16.04
5.214400;17.52
5.448033;18.64
5.681667;19.91
5.915300;20.06
6.148933;21.19
6.382567;22.59
6.616200;23.98
6.849833;24.79
7.083467;25.88
7.317100;26.92
7.550733;27.50
7.784367;28.95
