time;A;B
0.00000;0;
0.00000;;0
1.01009;;4
2.01255;2;
2.01287;;3
6.01476;1;
6.01534;;1
