time;currentTime
1.011000;-0.07
1.244633;0.15
1.478267;1.02
1.711900;2.70
1.945533;3.70
2.179167;4.09
2.412800;5.60
2.646433;6.97
2.880067;7.68
3.113700;8.10
3.347333;9.59
3.580967;10.89
3.814600;11.68
4.048233;12.76
4.281867;13.30
4.515500;14.41
4.749133;15.04
4.982767;16.98
5.216400;17.09
5.450033;18.60
5.683667;19.44
5.917300;20.71
6.150933;21.50
6.384567;22.63
6.618200;23.14
6.851833;24.54
7.085467;25.10
7.319100;26.93
7.552733;27.76
7.786367;28.49
