time;A;B
0.00000;0;
0.00000;;0
1.01219;;4
2.01368;2;
2.01402;;3
6.01561;1;
6.01630;;1
