time;currentTime
1.010000;-0.66
1.243567;0.32
1.477133;1.79
1.710700;2.95
1.944267;3.71
2.177833;4.22
2.411400;5.31
2.644967;6.97
2.878533;7.26
3.112100;8.52
3.345667;9.78
3.579233;10.59
3.812800;11.18
4.046367;12.57
4.279933;13.50
4.513500;14.71
4.747067;15.52
4.980633;16.66
5.214200;17.69
5.447767;18.67
5.681333;19.42
5.914900;20.76
6.148467;21.03
6.382033;22.63
6.615600;23.99
6.849167;24.18
7.082733;25.91
7.316300;26.95
7.549867;27.53
7.783433;28.57
