time;A;B
0.00000;0;
0.00000;;0
1.01057;;4
2.01222;2;
2.01301;;3
6.01508;1;
