time;currentTime
0.009000;-0.93
0.042367;0.15
0.075733;1.55
0.109100;2.40
0.142467;3.44
0.175833;4.65
0.209200;5.38
0.242567;6.90
0.275933;7.52
0.309300;8.13
0.342667;9.76
0.376033;10.72
0.409400;11.32
0.442767;12.30
0.476133;13.20
0.509500;14.83
0.542867;15.76
0.576233;16.03
0.609600;17.60
0.642967;18.78
0.676333;19.03
0.709700;20.85
0.743067;21.25
0.776433;22.29
0.809800;23.28
0.843167;24.22
0.876533;25.90
0.909900;26.50
0.943267;27.24
0.976633;28.03
